exp_name,gan_type,p_increment,epoch,class,ap,noccur,map
results_retinanet50_both_30,both,30,46,person,0.7057764531456754,5779.0,0.6732596513866902
results_retinanet50_both_30,both,30,46,bicycle,0.5250873565501621,471.0,0.6732596513866902
results_retinanet50_both_30,both,30,46,car,0.7889151444642328,5432.0,0.6732596513866902
results_retinanet50_both_30,both,30,20,person,0.7125303031466461,5779.0,0.6711252868194123
results_retinanet50_both_30,both,30,20,bicycle,0.5004858213894499,471.0,0.6711252868194123
results_retinanet50_both_30,both,30,20,car,0.8003597359221413,5432.0,0.6711252868194123
results_retinanet50_both_30,both,30,37,person,0.7029592815262813,5779.0,0.6935980889088817
results_retinanet50_both_30,both,30,37,bicycle,0.5819260585781131,471.0,0.6935980889088817
results_retinanet50_both_30,both,30,37,car,0.795908926622251,5432.0,0.6935980889088817
results_retinanet50_both_30,both,30,41,person,0.7264831578959915,5779.0,0.6949627715383078
results_retinanet50_both_30,both,30,41,bicycle,0.5672901475010449,471.0,0.6949627715383078
results_retinanet50_both_30,both,30,41,car,0.7911150092178869,5432.0,0.6949627715383078
results_retinanet50_both_30,both,30,10,person,0.736664577744524,5779.0,0.7074122140934959
results_retinanet50_both_30,both,30,10,bicycle,0.5739446154811774,471.0,0.7074122140934959
results_retinanet50_both_30,both,30,10,car,0.8116274490547859,5432.0,0.7074122140934959
results_retinanet50_both_30,both,30,0,person,0.4934129826562509,5779.0,0.5144733353896355
results_retinanet50_both_30,both,30,0,bicycle,0.35543476886287406,471.0,0.5144733353896355
results_retinanet50_both_30,both,30,0,car,0.6945722546497816,5432.0,0.5144733353896355
results_retinanet50_both_30,both,30,44,person,0.7195514135332419,5779.0,0.6849469827141613
results_retinanet50_both_30,both,30,44,bicycle,0.549671847714588,471.0,0.6849469827141613
results_retinanet50_both_30,both,30,44,car,0.7856176868946545,5432.0,0.6849469827141613
results_retinanet50_both_30,both,30,42,person,0.7131185705754193,5779.0,0.6812524471009492
results_retinanet50_both_30,both,30,42,bicycle,0.5441683671092541,471.0,0.6812524471009492
results_retinanet50_both_30,both,30,42,car,0.786470403618174,5432.0,0.6812524471009492
results_retinanet50_both_30,both,30,45,person,0.7093303313207757,5779.0,0.6873646330919289
results_retinanet50_both_30,both,30,45,bicycle,0.5584831485018652,471.0,0.6873646330919289
results_retinanet50_both_30,both,30,45,car,0.7942804194531456,5432.0,0.6873646330919289
results_retinanet50_both_30,both,30,48,person,0.7214758206203109,5779.0,0.6863249007392939
results_retinanet50_both_30,both,30,48,bicycle,0.5565095965994449,471.0,0.6863249007392939
results_retinanet50_both_30,both,30,48,car,0.7809892849981259,5432.0,0.6863249007392939
results_retinanet50_both_30,both,30,49,person,0.7082081840859522,5779.0,0.6781459411717319
results_retinanet50_both_30,both,30,49,bicycle,0.5500630381768783,471.0,0.6781459411717319
results_retinanet50_both_30,both,30,49,car,0.7761666012523651,5432.0,0.6781459411717319
results_retinanet50_both_30,both,30,47,person,0.720352412338847,5779.0,0.6857731516847081
results_retinanet50_both_30,both,30,47,bicycle,0.5545827868820395,471.0,0.6857731516847081
results_retinanet50_both_30,both,30,47,car,0.7823842558332378,5432.0,0.6857731516847081
results_retinanet50_both_30,both,30,38,person,0.7291562517079879,5779.0,0.6916809884905254
results_retinanet50_both_30,both,30,38,bicycle,0.5568204734102888,471.0,0.6916809884905254
results_retinanet50_both_30,both,30,38,car,0.7890662403532993,5432.0,0.6916809884905254
results_retinanet50_both_30,both,30,40,person,0.7220038779379685,5779.0,0.6801240661265832
results_retinanet50_both_30,both,30,40,bicycle,0.5289758057713134,471.0,0.6801240661265832
results_retinanet50_both_30,both,30,40,car,0.7893925146704674,5432.0,0.6801240661265832
results_retinanet50_both_30,both,30,43,person,0.7203159521803411,5779.0,0.6878094389641523
results_retinanet50_both_30,both,30,43,bicycle,0.5563585876452637,471.0,0.6878094389641523
results_retinanet50_both_30,both,30,43,car,0.786753777066852,5432.0,0.6878094389641523
results_retinanet50_both_30,both,30,30,person,0.7243257112369215,5779.0,0.6941578708904642
results_retinanet50_both_30,both,30,30,bicycle,0.5600447052372403,471.0,0.6941578708904642
results_retinanet50_both_30,both,30,30,car,0.7981031961972306,5432.0,0.6941578708904642
results_retinanet50_both_30,both,30,39,person,0.7115929300635805,5779.0,0.6829531870195183
results_retinanet50_both_30,both,30,39,bicycle,0.5435965724874738,471.0,0.6829531870195183
results_retinanet50_both_30,both,30,39,car,0.7936700585075007,5432.0,0.6829531870195183
results_retinanet50_both_30,both,30,36,person,0.7227640889128458,5779.0,0.6837270247957076
results_retinanet50_both_30,both,30,36,bicycle,0.5405493462672757,471.0,0.6837270247957076
results_retinanet50_both_30,both,30,36,car,0.7878676392070016,5432.0,0.6837270247957076
results_retinanet50_both_20,both,20,46,person,0.7167795070851906,5779.0,0.692520316177576
results_retinanet50_both_20,both,20,46,bicycle,0.5697271887757431,471.0,0.692520316177576
results_retinanet50_both_20,both,20,46,car,0.7910542526717945,5432.0,0.692520316177576
results_retinanet50_both_20,both,20,20,person,0.7310591222897043,5779.0,0.6961990510499917
results_retinanet50_both_20,both,20,20,bicycle,0.5563793516998754,471.0,0.6961990510499917
results_retinanet50_both_20,both,20,20,car,0.8011586791603954,5432.0,0.6961990510499917
results_retinanet50_both_20,both,20,37,person,0.7242669535158401,5779.0,0.6902782290788646
results_retinanet50_both_20,both,20,37,bicycle,0.5521138504384668,471.0,0.6902782290788646
results_retinanet50_both_20,both,20,37,car,0.7944538832822869,5432.0,0.6902782290788646
results_retinanet50_both_20,both,20,41,person,0.7181798731359046,5779.0,0.6955026810595856
results_retinanet50_both_20,both,20,41,bicycle,0.5731389868102121,471.0,0.6955026810595856
results_retinanet50_both_20,both,20,41,car,0.7951891832326401,5432.0,0.6955026810595856
results_retinanet50_both_20,both,20,10,person,0.7187140729480842,5779.0,0.7016978632706893
results_retinanet50_both_20,both,20,10,bicycle,0.5783971193462354,471.0,0.7016978632706893
results_retinanet50_both_20,both,20,10,car,0.8079823975177478,5432.0,0.7016978632706893
results_retinanet50_both_20,both,20,0,person,0.49467108489501654,5779.0,0.4847188995169886
results_retinanet50_both_20,both,20,0,bicycle,0.2624774410577545,471.0,0.4847188995169886
results_retinanet50_both_20,both,20,0,car,0.6970081725981947,5432.0,0.4847188995169886
results_retinanet50_both_20,both,20,44,person,0.71253831870067,5779.0,0.693870932210368
results_retinanet50_both_20,both,20,44,bicycle,0.5801257812531638,471.0,0.693870932210368
results_retinanet50_both_20,both,20,44,car,0.7889486966772699,5432.0,0.693870932210368
results_retinanet50_both_20,both,20,42,person,0.7086611067294069,5779.0,0.6854590171410045
results_retinanet50_both_20,both,20,42,bicycle,0.5525037524257999,471.0,0.6854590171410045
results_retinanet50_both_20,both,20,42,car,0.7952121922678068,5432.0,0.6854590171410045
results_retinanet50_both_20,both,20,45,person,0.7124523723358471,5779.0,0.6852733009910272
results_retinanet50_both_20,both,20,45,bicycle,0.5536959571953628,471.0,0.6852733009910272
results_retinanet50_both_20,both,20,45,car,0.789671573441872,5432.0,0.6852733009910272
results_retinanet50_both_20,both,20,48,person,0.7161653754242524,5779.0,0.6853486985117699
results_retinanet50_both_20,both,20,48,bicycle,0.5474195061757792,471.0,0.6853486985117699
results_retinanet50_both_20,both,20,48,car,0.7924612139352782,5432.0,0.6853486985117699
results_retinanet50_both_20,both,20,49,person,0.7128861059470254,5779.0,0.6967980973423505
results_retinanet50_both_20,both,20,49,bicycle,0.5952669572120873,471.0,0.6967980973423505
results_retinanet50_both_20,both,20,49,car,0.7822412288679389,5432.0,0.6967980973423505
results_retinanet50_both_20,both,20,47,person,0.7123259993170421,5779.0,0.688057888807098
results_retinanet50_both_20,both,20,47,bicycle,0.5663587819741547,471.0,0.688057888807098
results_retinanet50_both_20,both,20,47,car,0.7854888851300973,5432.0,0.688057888807098
results_retinanet50_both_20,both,20,38,person,0.7258722977391089,5779.0,0.6939521711228247
results_retinanet50_both_20,both,20,38,bicycle,0.5576184925378344,471.0,0.6939521711228247
results_retinanet50_both_20,both,20,38,car,0.7983657230915309,5432.0,0.6939521711228247
results_retinanet50_both_20,both,20,40,person,0.7138356462077182,5779.0,0.6899474486919522
results_retinanet50_both_20,both,20,40,bicycle,0.563763665828617,471.0,0.6899474486919522
results_retinanet50_both_20,both,20,40,car,0.7922430340395213,5432.0,0.6899474486919522
results_retinanet50_both_20,both,20,43,person,0.7102090246545533,5779.0,0.6864559358196044
results_retinanet50_both_20,both,20,43,bicycle,0.5595510976782001,471.0,0.6864559358196044
results_retinanet50_both_20,both,20,43,car,0.7896076851260596,5432.0,0.6864559358196044
results_retinanet50_both_20,both,20,30,person,0.7129753287520498,5779.0,0.6804259955501872
results_retinanet50_both_20,both,20,30,bicycle,0.5351295707114769,471.0,0.6804259955501872
results_retinanet50_both_20,both,20,30,car,0.7931730871870347,5432.0,0.6804259955501872
results_retinanet50_both_20,both,20,39,person,0.7025282980385208,5779.0,0.6833431910335465
results_retinanet50_both_20,both,20,39,bicycle,0.554806259627415,471.0,0.6833431910335465
results_retinanet50_both_20,both,20,39,car,0.7926950154347033,5432.0,0.6833431910335465
results_retinanet50_both_20,both,20,36,person,0.7227487336096678,5779.0,0.692706397619968
results_retinanet50_both_20,both,20,36,bicycle,0.5632774472472988,471.0,0.692706397619968
results_retinanet50_both_20,both,20,36,car,0.7920930120029375,5432.0,0.692706397619968
results_retinanet50_masked_20,masked,20,46,person,0.7119552250170537,5779.0,0.6847829817658333
results_retinanet50_masked_20,masked,20,46,bicycle,0.5463747043924719,471.0,0.6847829817658333
results_retinanet50_masked_20,masked,20,46,car,0.7960190158879741,5432.0,0.6847829817658333
results_retinanet50_masked_20,masked,20,20,person,0.7199980824529969,5779.0,0.6890675997164281
results_retinanet50_masked_20,masked,20,20,bicycle,0.5437490859704117,471.0,0.6890675997164281
results_retinanet50_masked_20,masked,20,20,car,0.8034556307258757,5432.0,0.6890675997164281
results_retinanet50_masked_20,masked,20,37,person,0.7177422343574285,5779.0,0.6962976585656016
results_retinanet50_masked_20,masked,20,37,bicycle,0.568209566220912,471.0,0.6962976585656016
results_retinanet50_masked_20,masked,20,37,car,0.8029411751184641,5432.0,0.6962976585656016
results_retinanet50_masked_20,masked,20,41,person,0.7243522585136859,5779.0,0.6996687713150154
results_retinanet50_masked_20,masked,20,41,bicycle,0.5709944208904816,471.0,0.6996687713150154
results_retinanet50_masked_20,masked,20,41,car,0.8036596345408787,5432.0,0.6996687713150154
results_retinanet50_masked_20,masked,20,10,person,0.7288066909857671,5779.0,0.6968919997725355
results_retinanet50_masked_20,masked,20,10,bicycle,0.5562636169328794,471.0,0.6968919997725355
results_retinanet50_masked_20,masked,20,10,car,0.8056056913989602,5432.0,0.6968919997725355
results_retinanet50_masked_20,masked,20,0,person,0.48662856160865253,5779.0,0.5028299334208565
results_retinanet50_masked_20,masked,20,0,bicycle,0.31962180881554686,471.0,0.5028299334208565
results_retinanet50_masked_20,masked,20,0,car,0.7022394298383698,5432.0,0.5028299334208565
results_retinanet50_masked_20,masked,20,44,person,0.7053765377288315,5779.0,0.6848894161217259
results_retinanet50_masked_20,masked,20,44,bicycle,0.5516607662501198,471.0,0.6848894161217259
results_retinanet50_masked_20,masked,20,44,car,0.7976309443862266,5432.0,0.6848894161217259
results_retinanet50_masked_20,masked,20,42,person,0.7051771060838653,5779.0,0.6873972474010177
results_retinanet50_masked_20,masked,20,42,bicycle,0.5620523989309145,471.0,0.6873972474010177
results_retinanet50_masked_20,masked,20,42,car,0.7949622371882732,5432.0,0.6873972474010177
results_retinanet50_masked_20,masked,20,45,person,0.7227474726025421,5779.0,0.6856372920602537
results_retinanet50_masked_20,masked,20,45,bicycle,0.5427994475438699,471.0,0.6856372920602537
results_retinanet50_masked_20,masked,20,45,car,0.791364956034349,5432.0,0.6856372920602537
results_retinanet50_masked_20,masked,20,48,person,0.7134832000037796,5779.0,0.6924063587359122
results_retinanet50_masked_20,masked,20,48,bicycle,0.5771388942342052,471.0,0.6924063587359122
results_retinanet50_masked_20,masked,20,48,car,0.7865969819697518,5432.0,0.6924063587359122
results_retinanet50_masked_20,masked,20,49,person,0.7070650844675851,5779.0,0.6892551729980273
results_retinanet50_masked_20,masked,20,49,bicycle,0.5728051398203649,471.0,0.6892551729980273
results_retinanet50_masked_20,masked,20,49,car,0.7878952947061321,5432.0,0.6892551729980273
results_retinanet50_masked_20,masked,20,47,person,0.7171607853890176,5779.0,0.6848974979412888
results_retinanet50_masked_20,masked,20,47,bicycle,0.5477917280910569,471.0,0.6848974979412888
results_retinanet50_masked_20,masked,20,47,car,0.7897399803437918,5432.0,0.6848974979412888
results_retinanet50_masked_20,masked,20,38,person,0.720600426034919,5779.0,0.6937624397712039
results_retinanet50_masked_20,masked,20,38,bicycle,0.560231766934456,471.0,0.6937624397712039
results_retinanet50_masked_20,masked,20,38,car,0.8004551263442368,5432.0,0.6937624397712039
results_retinanet50_masked_20,masked,20,40,person,0.7153581795222114,5779.0,0.6804203899609829
results_retinanet50_masked_20,masked,20,40,bicycle,0.539473627723212,471.0,0.6804203899609829
results_retinanet50_masked_20,masked,20,40,car,0.7864293626375255,5432.0,0.6804203899609829
results_retinanet50_masked_20,masked,20,43,person,0.712323964849978,5779.0,0.6777186769719767
results_retinanet50_masked_20,masked,20,43,bicycle,0.5265451811779169,471.0,0.6777186769719767
results_retinanet50_masked_20,masked,20,43,car,0.7942868848880353,5432.0,0.6777186769719767
results_retinanet50_masked_20,masked,20,30,person,0.7295501162862321,5779.0,0.6968931100089137
results_retinanet50_masked_20,masked,20,30,bicycle,0.5598027026859941,471.0,0.6968931100089137
results_retinanet50_masked_20,masked,20,30,car,0.8013265110545151,5432.0,0.6968931100089137
results_retinanet50_masked_20,masked,20,39,person,0.7047740214832072,5779.0,0.692429932790748
results_retinanet50_masked_20,masked,20,39,bicycle,0.5693718785342989,471.0,0.692429932790748
results_retinanet50_masked_20,masked,20,39,car,0.803143898354738,5432.0,0.692429932790748
results_retinanet50_masked_20,masked,20,36,person,0.713918219915659,5779.0,0.6864292969497177
results_retinanet50_masked_20,masked,20,36,bicycle,0.5448910206063664,471.0,0.6864292969497177
results_retinanet50_masked_20,masked,20,36,car,0.800478650327128,5432.0,0.6864292969497177
results_retinanet50_masked_30,masked,30,46,person,0.7245181235013323,5779.0,0.691795261608901
results_retinanet50_masked_30,masked,30,46,bicycle,0.5685217467681076,471.0,0.691795261608901
results_retinanet50_masked_30,masked,30,46,car,0.7823459145572629,5432.0,0.691795261608901
results_retinanet50_masked_30,masked,30,20,person,0.7271076461164959,5779.0,0.7121727759574933
results_retinanet50_masked_30,masked,30,20,bicycle,0.6033819335003205,471.0,0.7121727759574933
results_retinanet50_masked_30,masked,30,20,car,0.8060287482556634,5432.0,0.7121727759574933
results_retinanet50_masked_30,masked,30,37,person,0.7080575678694507,5779.0,0.6762807144220391
results_retinanet50_masked_30,masked,30,37,bicycle,0.5343898509734957,471.0,0.6762807144220391
results_retinanet50_masked_30,masked,30,37,car,0.786394724423171,5432.0,0.6762807144220391
results_retinanet50_masked_30,masked,30,41,person,0.7273946725991666,5779.0,0.6975397399779505
results_retinanet50_masked_30,masked,30,41,bicycle,0.576993442808851,471.0,0.6975397399779505
results_retinanet50_masked_30,masked,30,41,car,0.7882311045258337,5432.0,0.6975397399779505
results_retinanet50_masked_30,masked,30,10,person,0.7392060927015589,5779.0,0.6936413620769458
results_retinanet50_masked_30,masked,30,10,bicycle,0.5251402103209932,471.0,0.6936413620769458
results_retinanet50_masked_30,masked,30,10,car,0.8165777832082854,5432.0,0.6936413620769458
results_retinanet50_masked_30,masked,30,0,person,0.4746577086251879,5779.0,0.5113103868539797
results_retinanet50_masked_30,masked,30,0,bicycle,0.3499649466502084,471.0,0.5113103868539797
results_retinanet50_masked_30,masked,30,0,car,0.7093085052865427,5432.0,0.5113103868539797
results_retinanet50_masked_30,masked,30,44,person,0.7360167005091451,5779.0,0.7098873777393697
results_retinanet50_masked_30,masked,30,44,bicycle,0.5953983463441027,471.0,0.7098873777393697
results_retinanet50_masked_30,masked,30,44,car,0.7982470863648615,5432.0,0.7098873777393697
results_retinanet50_masked_30,masked,30,42,person,0.7235562183614583,5779.0,0.6811829461359297
results_retinanet50_masked_30,masked,30,42,bicycle,0.5326884326938006,471.0,0.6811829461359297
results_retinanet50_masked_30,masked,30,42,car,0.7873041873525302,5432.0,0.6811829461359297
results_retinanet50_masked_30,masked,30,45,person,0.7185148899915617,5779.0,0.7030878367088862
results_retinanet50_masked_30,masked,30,45,bicycle,0.5969908461588735,471.0,0.7030878367088862
results_retinanet50_masked_30,masked,30,45,car,0.7937577739762236,5432.0,0.7030878367088862
results_retinanet50_masked_30,masked,30,48,person,0.7244616137935989,5779.0,0.6883337832053553
results_retinanet50_masked_30,masked,30,48,bicycle,0.5493204480229918,471.0,0.6883337832053553
results_retinanet50_masked_30,masked,30,48,car,0.7912192877994753,5432.0,0.6883337832053553
results_retinanet50_masked_30,masked,30,49,person,0.7243227371363646,5779.0,0.6793044452248002
results_retinanet50_masked_30,masked,30,49,bicycle,0.5370804719262264,471.0,0.6793044452248002
results_retinanet50_masked_30,masked,30,49,car,0.7765101266118093,5432.0,0.6793044452248002
results_retinanet50_masked_30,masked,30,47,person,0.7234748496391852,5779.0,0.6890607209135101
results_retinanet50_masked_30,masked,30,47,bicycle,0.5561604524342123,471.0,0.6890607209135101
results_retinanet50_masked_30,masked,30,47,car,0.7875468606671328,5432.0,0.6890607209135101
results_retinanet50_masked_30,masked,30,38,person,0.7253772999758752,5779.0,0.6822491438566113
results_retinanet50_masked_30,masked,30,38,bicycle,0.5235237097271261,471.0,0.6822491438566113
results_retinanet50_masked_30,masked,30,38,car,0.7978464218668324,5432.0,0.6822491438566113
results_retinanet50_masked_30,masked,30,40,person,0.7156644951817743,5779.0,0.6990140226555578
results_retinanet50_masked_30,masked,30,40,bicycle,0.5790387930364981,471.0,0.6990140226555578
results_retinanet50_masked_30,masked,30,40,car,0.8023387797484007,5432.0,0.6990140226555578
results_retinanet50_masked_30,masked,30,43,person,0.724431316103247,5779.0,0.6866224224206802
results_retinanet50_masked_30,masked,30,43,bicycle,0.5478523646776265,471.0,0.6866224224206802
results_retinanet50_masked_30,masked,30,43,car,0.7875835864811669,5432.0,0.6866224224206802
results_retinanet50_masked_30,masked,30,30,person,0.7358845944260639,5779.0,0.6895983145854515
results_retinanet50_masked_30,masked,30,30,bicycle,0.5263131333552261,471.0,0.6895983145854515
results_retinanet50_masked_30,masked,30,30,car,0.8065972159750647,5432.0,0.6895983145854515
results_retinanet50_masked_30,masked,30,39,person,0.7171336028428481,5779.0,0.6718572491817052
results_retinanet50_masked_30,masked,30,39,bicycle,0.5061148813820562,471.0,0.6718572491817052
results_retinanet50_masked_30,masked,30,39,car,0.7923232633202112,5432.0,0.6718572491817052
results_retinanet50_masked_30,masked,30,36,person,0.7092798913704665,5779.0,0.6821715588092699
results_retinanet50_masked_30,masked,30,36,bicycle,0.5490879859003814,471.0,0.6821715588092699
results_retinanet50_masked_30,masked,30,36,car,0.7881467991569617,5432.0,0.6821715588092699
results_retinanet50_both_10,both,10,46,person,0.7227623668399135,5779.0,0.7125873925550262
results_retinanet50_both_10,both,10,46,bicycle,0.61542837588465,471.0,0.7125873925550262
results_retinanet50_both_10,both,10,46,car,0.7995714349405151,5432.0,0.7125873925550262
results_retinanet50_both_10,both,10,20,person,0.7153432000907515,5779.0,0.6923666176598612
results_retinanet50_both_10,both,10,20,bicycle,0.5665041189180967,471.0,0.6923666176598612
results_retinanet50_both_10,both,10,20,car,0.795252533970735,5432.0,0.6923666176598612
results_retinanet50_both_10,both,10,37,person,0.723831990301262,5779.0,0.7009603719204569
results_retinanet50_both_10,both,10,37,bicycle,0.584308505981431,471.0,0.7009603719204569
results_retinanet50_both_10,both,10,37,car,0.7947406194786776,5432.0,0.7009603719204569
results_retinanet50_both_10,both,10,41,person,0.7210545585167271,5779.0,0.70173783162477
results_retinanet50_both_10,both,10,41,bicycle,0.5892701029577907,471.0,0.70173783162477
results_retinanet50_both_10,both,10,41,car,0.794888833399792,5432.0,0.70173783162477
results_retinanet50_both_10,both,10,10,person,0.7358433366709081,5779.0,0.7041891276011768
results_retinanet50_both_10,both,10,10,bicycle,0.5747210619419475,471.0,0.7041891276011768
results_retinanet50_both_10,both,10,10,car,0.8020029841906752,5432.0,0.7041891276011768
results_retinanet50_both_10,both,10,0,person,0.4492294241717854,5779.0,0.46170163536598824
results_retinanet50_both_10,both,10,0,bicycle,0.2555149687529204,471.0,0.46170163536598824
results_retinanet50_both_10,both,10,0,car,0.6803605131732589,5432.0,0.46170163536598824
results_retinanet50_both_10,both,10,44,person,0.7164247164138307,5779.0,0.7047385252929829
results_retinanet50_both_10,both,10,44,bicycle,0.6027426672100518,471.0,0.7047385252929829
results_retinanet50_both_10,both,10,44,car,0.7950481922550663,5432.0,0.7047385252929829
results_retinanet50_both_10,both,10,42,person,0.7212757943280422,5779.0,0.7052711392946466
results_retinanet50_both_10,both,10,42,bicycle,0.6025341032270775,471.0,0.7052711392946466
results_retinanet50_both_10,both,10,42,car,0.7920035203288198,5432.0,0.7052711392946466
results_retinanet50_both_10,both,10,45,person,0.7137698946272697,5779.0,0.6893536796741295
results_retinanet50_both_10,both,10,45,bicycle,0.5700130969110275,471.0,0.6893536796741295
results_retinanet50_both_10,both,10,45,car,0.7842780474840914,5432.0,0.6893536796741295
results_retinanet50_both_10,both,10,48,person,0.7090645589966216,5779.0,0.7046345498975883
results_retinanet50_both_10,both,10,48,bicycle,0.611931320298926,471.0,0.7046345498975883
results_retinanet50_both_10,both,10,48,car,0.7929077703972173,5432.0,0.7046345498975883
results_retinanet50_both_10,both,10,49,person,0.6979463792499161,5779.0,0.6949560441950916
results_retinanet50_both_10,both,10,49,bicycle,0.592655656442064,471.0,0.6949560441950916
results_retinanet50_both_10,both,10,49,car,0.7942660968932949,5432.0,0.6949560441950916
results_retinanet50_both_10,both,10,47,person,0.7303350600495082,5779.0,0.7034400550657588
results_retinanet50_both_10,both,10,47,bicycle,0.5830413617176322,471.0,0.7034400550657588
results_retinanet50_both_10,both,10,47,car,0.7969437434301361,5432.0,0.7034400550657588
results_retinanet50_both_10,both,10,38,person,0.720375811017375,5779.0,0.6980629955973475
results_retinanet50_both_10,both,10,38,bicycle,0.5787725669046784,471.0,0.6980629955973475
results_retinanet50_both_10,both,10,38,car,0.7950406088699894,5432.0,0.6980629955973475
results_retinanet50_both_10,both,10,40,person,0.7161829621972158,5779.0,0.6976270003479993
results_retinanet50_both_10,both,10,40,bicycle,0.5829857123618889,471.0,0.6976270003479993
results_retinanet50_both_10,both,10,40,car,0.7937123264848935,5432.0,0.6976270003479993
results_retinanet50_both_10,both,10,43,person,0.7215648577001887,5779.0,0.7043225402359674
results_retinanet50_both_10,both,10,43,bicycle,0.598520045981593,471.0,0.7043225402359674
results_retinanet50_both_10,both,10,43,car,0.7928827170261203,5432.0,0.7043225402359674
results_retinanet50_both_10,both,10,30,person,0.7334827415839138,5779.0,0.7033242294023606
results_retinanet50_both_10,both,10,30,bicycle,0.5749684728690974,471.0,0.7033242294023606
results_retinanet50_both_10,both,10,30,car,0.8015214737540708,5432.0,0.7033242294023606
results_retinanet50_both_10,both,10,39,person,0.7148398942288271,5779.0,0.7046662691617319
results_retinanet50_both_10,both,10,39,bicycle,0.5988291441857536,471.0,0.7046662691617319
results_retinanet50_both_10,both,10,39,car,0.800329769070615,5432.0,0.7046662691617319
results_retinanet50_both_10,both,10,36,person,0.7297003075745575,5779.0,0.7044232687611015
results_retinanet50_both_10,both,10,36,bicycle,0.5976002958109543,471.0,0.7044232687611015
results_retinanet50_both_10,both,10,36,car,0.7859692028977924,5432.0,0.7044232687611015
results_retinanet50_masked_10,masked,10,46,person,0.7198322822437768,5779.0,0.6966205636660495
results_retinanet50_masked_10,masked,10,46,bicycle,0.5825674211350071,471.0,0.6966205636660495
results_retinanet50_masked_10,masked,10,46,car,0.7874619876193646,5432.0,0.6966205636660495
results_retinanet50_masked_10,masked,10,20,person,0.7304123704616658,5779.0,0.7025229755788889
results_retinanet50_masked_10,masked,10,20,bicycle,0.5795368188442013,471.0,0.7025229755788889
results_retinanet50_masked_10,masked,10,20,car,0.7976197374307995,5432.0,0.7025229755788889
results_retinanet50_masked_10,masked,10,37,person,0.7184120225253878,5779.0,0.6961825454908951
results_retinanet50_masked_10,masked,10,37,bicycle,0.5749742615844257,471.0,0.6961825454908951
results_retinanet50_masked_10,masked,10,37,car,0.795161352362872,5432.0,0.6961825454908951
results_retinanet50_masked_10,masked,10,41,person,0.7151251772484502,5779.0,0.6794254359344222
results_retinanet50_masked_10,masked,10,41,bicycle,0.5358790991962554,471.0,0.6794254359344222
results_retinanet50_masked_10,masked,10,41,car,0.787272031358561,5432.0,0.6794254359344222
results_retinanet50_masked_10,masked,10,10,person,0.7405326008672226,5779.0,0.7059065027616652
results_retinanet50_masked_10,masked,10,10,bicycle,0.572335198033064,471.0,0.7059065027616652
results_retinanet50_masked_10,masked,10,10,car,0.8048517093847092,5432.0,0.7059065027616652
results_retinanet50_masked_10,masked,10,0,person,0.43737435543600056,5779.0,0.4656441775854159
results_retinanet50_masked_10,masked,10,0,bicycle,0.27317003561626396,471.0,0.4656441775854159
results_retinanet50_masked_10,masked,10,0,car,0.686388141703983,5432.0,0.4656441775854159
results_retinanet50_masked_10,masked,10,44,person,0.7135974325304959,5779.0,0.6816435750776141
results_retinanet50_masked_10,masked,10,44,bicycle,0.5380492545410475,471.0,0.6816435750776141
results_retinanet50_masked_10,masked,10,44,car,0.7932840381612989,5432.0,0.6816435750776141
results_retinanet50_masked_10,masked,10,42,person,0.7342483031945588,5779.0,0.6958971417282419
results_retinanet50_masked_10,masked,10,42,bicycle,0.5551233968892235,471.0,0.6958971417282419
results_retinanet50_masked_10,masked,10,42,car,0.7983197251009433,5432.0,0.6958971417282419
results_retinanet50_masked_10,masked,10,45,person,0.7205650330434941,5779.0,0.696760598730835
results_retinanet50_masked_10,masked,10,45,bicycle,0.5747377280896446,471.0,0.696760598730835
results_retinanet50_masked_10,masked,10,45,car,0.7949790350593662,5432.0,0.696760598730835
results_retinanet50_masked_10,masked,10,48,person,0.7063968299163,5779.0,0.6861101212344449
results_retinanet50_masked_10,masked,10,48,bicycle,0.5721404406513658,471.0,0.6861101212344449
results_retinanet50_masked_10,masked,10,48,car,0.7797930931356689,5432.0,0.6861101212344449
results_retinanet50_masked_10,masked,10,49,person,0.71653438779011,5779.0,0.687975708035489
results_retinanet50_masked_10,masked,10,49,bicycle,0.5652714083603787,471.0,0.687975708035489
results_retinanet50_masked_10,masked,10,49,car,0.7821213279559782,5432.0,0.687975708035489
results_retinanet50_masked_10,masked,10,47,person,0.7250824938412408,5779.0,0.6917859204242295
results_retinanet50_masked_10,masked,10,47,bicycle,0.5621443646116917,471.0,0.6917859204242295
results_retinanet50_masked_10,masked,10,47,car,0.7881309028197558,5432.0,0.6917859204242295
results_retinanet50_masked_10,masked,10,38,person,0.7215795807920344,5779.0,0.6900976532997666
results_retinanet50_masked_10,masked,10,38,bicycle,0.5583727062400432,471.0,0.6900976532997666
results_retinanet50_masked_10,masked,10,38,car,0.790340672867222,5432.0,0.6900976532997666
results_retinanet50_masked_10,masked,10,40,person,0.717477686868859,5779.0,0.6948215106418233
results_retinanet50_masked_10,masked,10,40,bicycle,0.5722324190608336,471.0,0.6948215106418233
results_retinanet50_masked_10,masked,10,40,car,0.7947544259957776,5432.0,0.6948215106418233
results_retinanet50_masked_10,masked,10,43,person,0.7183188555693327,5779.0,0.695726112554646
results_retinanet50_masked_10,masked,10,43,bicycle,0.5800178682827937,471.0,0.695726112554646
results_retinanet50_masked_10,masked,10,43,car,0.7888416138118114,5432.0,0.695726112554646
results_retinanet50_masked_10,masked,10,30,person,0.7241102126683808,5779.0,0.7026514239121853
results_retinanet50_masked_10,masked,10,30,bicycle,0.5903950881274819,471.0,0.7026514239121853
results_retinanet50_masked_10,masked,10,30,car,0.7934489709406931,5432.0,0.7026514239121853
results_retinanet50_masked_10,masked,10,39,person,0.7266528203929254,5779.0,0.6955257032636023
results_retinanet50_masked_10,masked,10,39,bicycle,0.5657204140820906,471.0,0.6955257032636023
results_retinanet50_masked_10,masked,10,39,car,0.7942038753157905,5432.0,0.6955257032636023
results_retinanet50_masked_10,masked,10,36,person,0.706738730519268,5779.0,0.6858506621140396
results_retinanet50_masked_10,masked,10,36,bicycle,0.5690760411670144,471.0,0.6858506621140396
results_retinanet50_masked_10,masked,10,36,car,0.7817372146558363,5432.0,0.6858506621140396
